Company Name, Email, Website, Telephone
AIR FLUX CONCEPT, pboissolle@airfluxconcept.com, http://www.airfluxconcept.com/, 0689654499
ASECOS SARL, info@asecos.fr, http://www.asecos.com/cms.de/, 0387786280
ASEM France, ndeilles@asemfrance.fr, http://www.asemfrance.fr, 0164212140
CETEP, cetep@wanadoo.fr, http://www.cetep.fr/%20, 0237200260
COURTAGE ANALYSES SERVICES, cas@onlinecas.com, http://www.onlinecas.com/index.php5, 33(0)235076000
CREALABO, cdavoine@crealabo.com, http://www.crealabo.com/index.php/fr/, 0243429134
CYLTEC, contact@cyltec.fr, http://www.cyltec.fr/, 0240922292
DELAGRAVE, http:/www.delagrave-emsm.fr/, http://www.delagrave-emsm.fr/, 0232497402
EQUIP LABO, dircom@equiplabo.com, http://www.equiplabo.com/, 0247234200
ERLAB, ventes@erlab.net, http://www.erlab.com/, 0232095580
IBERIS, be@donati.fr, http://iberis.fr/, 04.76.81.05.35.
ILM, NaN, http://www.ilm.fr/, 0383738507
ILSA, NaN, http://www.ilsa-france.com/index.php/fr/, 0381579034
INTERSCIENCE, info@interscience.com, http://www.interscience.com, 0134626261
KÃ–TTERMANN, systemlabor.fr@koettermann.com, http://koettermann.com/fr, 0474952380
LABOVER MERIDIS, contact@groupe-meridis.fr, http://labover.fr/, 04.67.10.59.00
MANUMESURE, NaN, http://www.manumesure.com/fr, 0231645155
MCA, mca24@wanadoo.fr, http://mca24.com, 05.53.04.04.00
PIC SOLUTION, info@pic-solution.com, http://pic-sfc.com/index_fr.html, 0432701979
POSSEME, contact@posseme.com, http://www.posseme.com/, 02.99.91.51.14
RHONE ALPES LABO, info@rhonealpeslabo.fr, http://www.rhonealpeslabo.fr/, 0476267517
SEAT Ventilation, infofr@seat-ventilation.com, http://www.seat-ventilation.com/, 0561698443
TRIONYX, trionyx@trionyx.fr, http://www.trionyx.fr/fr/index.php, 0146458000
WALDNER, info@waldner.fr, http://www.waldner.fr/, 0232257979
